Year,Mar-24,Mar-23,Mar-22,Mar-21,Mar-20,Mar-19,Mar-18,Mar-17,Mar-16,Mar-15,Mar-14,Mar-13,Mar-12,Mar-11,Mar-10
EQUITIES AND LIABILITIES,,,,,,,,,,,,,,,
SHAREHOLDER'S FUNDS,,,,,,,,,,,,,,,
Equity Share Capital,157.2,151,151,151,151,151,151,151,151,151,151,151,144.5,144.5,144.5
Total Share Capital,157.2,151,151,151,151,151,151,151,151,151,151,151,144.5,144.5,144.5
Reserves and Surplus,"83,824.80","60,231.00","53,935.00","51,215.80","48,286.00","45,990.50","41,606.30","36,280.10","29,733.20","23,553.20","20,827.00","18,427.90","15,042.90","13,723.00","11,690.60"
Total Reserves and Surplus,"83,824.80","60,231.00","53,935.00","51,215.80","48,286.00","45,990.50","41,606.30","36,280.10","29,733.20","23,553.20","20,827.00","18,427.90","15,042.90","13,723.00","11,690.60"
Total Shareholders Funds,"83,982.00","60,382.00","54,086.00","51,366.80","48,437.00","46,141.50","41,757.30","36,431.10","29,884.20","23,704.20","20,978.00","18,578.90","15,187.40","13,867.50","11,835.10"
NON-CURRENT LIABILITIES,,,,,,,,,,,,,,,
Long Term Borrowings,0,0,0,0,0,0,0,0,0,144.8,460.4,542.9,0,139,419.9
Deferred Tax Liabilities [Net],0,0,0,384.7,598.4,564,558.9,466.2,194.3,481,586.6,408.7,302.3,164.4,220.6
Other Long Term Liabilities,"3,229.30","2,609.80","2,211.30","2,164.50","2,170.30","2,036.50","1,585.30","1,105.00",807.5,105.4,238.6,250.3,96.6,95.9,0
Long Term Provisions,144.8,87.6,83.3,44.7,51.6,39.5,26.5,21.9,14.8,292.6,198,225.9,168.3,139.6,0
Total Non-Current Liabilities,"3,374.10","2,697.40","2,294.60","2,593.90","2,820.30","2,640.00","2,170.70","1,593.10","1,016.60","1,023.80","1,483.60","1,427.80",567.2,538.9,640.5
CURRENT LIABILITIES,,,,,,,,,,,,,,,
Short Term Borrowings,33.1,"1,215.80",381.9,488.8,106.3,149.6,110.8,483.6,77.4,35.4,"1,224.70",846.3,"1,078.30",31.2,401.5
Trade Payables,"14,582.40","11,780.40","9,761.00","10,161.70","7,494.10","9,633.00","10,497.00","8,367.30","7,407.30","5,561.40","4,897.50","4,157.90","3,349.90","2,608.30","2,318.10"
Other Current Liabilities,"7,106.60","6,140.70","6,009.50","4,714.60","3,014.80","3,743.30","4,274.30","3,926.50","3,155.60","1,865.80","1,274.20","1,075.10","1,589.20",993,621.3
Short Term Provisions,"1,206.60",962.4,861.3,741.6,679.6,624.4,560,449,398.9,"1,360.40",677.7,648.2,530.2,386.2,628.4
Total Current Liabilities,"22,928.70","20,099.30","17,013.70","16,106.70","11,294.80","14,150.30","15,442.10","13,226.40","11,039.20","8,823.00","8,074.10","6,727.50","6,547.60","4,018.70","3,969.30"
Total Capital And Liabilities,"1,10,284.80","83,178.70","73,394.30","70,067.40","62,552.10","62,931.80","59,370.10","51,250.60","41,940.00","33,551.00","30,535.70","26,734.20","22,302.20","18,425.10","16,444.90"
ASSETS,,,,,,,,,,,,,,,
NON-CURRENT ASSETS,,,,,,,,,,,,,,,
Tangible Assets,"25,029.20","17,257.00","13,367.40","14,732.80","15,374.50","14,956.70","13,047.30","12,919.70","12,163.10","11,967.00","10,607.70","9,576.50","7,310.80","5,483.70","5,005.30"
Intangible Assets,0,547.9,349.9,224.2,335.8,451.1,311.7,373,346.9,292.3,182.7,222.7,209.9,45.7,19.4
Capital Work-In-Progress,0,"2,808.10","2,639.10","1,192.30","1,337.40","1,600.10","2,125.90","1,252.30","1,006.90","1,882.80","2,621.40","1,940.90",611.4,862.5,387.6
Other Assets,0,0,0,0,0,0,0,0,0,0,0,0,0,0,0
Fixed Assets,"25,029.20","20,701.90","16,646.70","16,446.80","17,118.60","17,007.90","15,484.90","14,545.00","13,516.90","14,142.10","13,411.80","11,740.10","8,132.10","6,391.90","5,412.30"
Non-Current Investments,"64,601.50","47,756.40","36,663.20","33,371.00","35,248.80","31,469.50","34,072.90","26,302.20","18,875.40","9,817.60","1,304.80","1,873.50","1,393.30","1,111.20","7,176.60"
Deferred Tax Assets [Net],112.4,341.1,202.7,0,0,0,0,0,0,0,0,0,0,0,83.6
Long Term Loans And Advances,0.1,0.2,0.2,0.2,0.2,0.2,0.2,0.3,0.4,"1,349.30","1,638.40","1,280.00","1,671.50","1,254.70",0
Other Non-Current Assets,"2,779.20","2,779.20","3,100.30","1,722.70","1,757.10","2,092.60","1,890.70","1,626.90","1,701.30",44.1,9,894.6,26.3,47.1,0
Total Non-Current Assets,"92,522.40","71,578.80","56,613.10","51,540.70","54,124.70","50,570.20","51,448.70","42,474.40","34,094.00","25,353.10","16,364.00","15,788.20","11,223.20","8,804.90","12,672.50"
CURRENT ASSETS,,,,,,,,,,,,,,,
Current Investments,"3,912.20",0,"4,100.10","8,415.70","1,218.80","5,045.50","1,217.30","2,178.80","1,056.80","2,996.40","8,813.10","5,204.80","4,754.10","3,995.60",0
Inventories,"4,119.60","4,283.80","3,533.10","3,050.00","3,214.90","3,325.70","3,160.80","3,262.20","3,132.10","2,615.00","1,705.90","1,840.70","1,796.50","1,415.00","1,208.80"
Trade Receivables,"4,601.30","3,295.80","2,030.10","1,276.60","1,974.90","2,310.40","1,461.80","1,199.20","1,322.20","1,069.80","1,413.70","1,469.90",937.6,824.5,809.9
Cash And Cash Equivalents,460,37.7,"3,036.20","3,036.40",21.1,178.9,71.1,13.8,42.2,18.3,629.7,775,"2,436.10","2,508.50",98.2
Short Term Loans And Advances,32.7,29.7,30.5,23,16.9,16,3,2.5,147.8,"1,172.80","1,251.10","1,115.30",778.3,683.6,"1,655.50"
OtherCurrentAssets,"4,636.60","3,952.90","4,051.20","2,725.00","1,980.80","1,485.10","2,007.40","2,119.70","2,144.90",325.6,358.2,540.3,376.4,193,0
Total Current Assets,"17,762.40","11,599.90","16,781.20","18,526.70","8,427.40","12,361.60","7,921.40","8,776.20","7,846.00","8,197.90","14,171.70","10,946.00","11,079.00","9,620.20","3,772.40"
Total Assets,"1,10,284.80","83,178.70","73,394.30","70,067.40","62,552.10","62,931.80","59,370.10","51,250.60","41,940.00","33,551.00","30,535.70","26,734.20","22,302.20","18,425.10","16,444.90"
OTHER ADDITIONAL INFORMATION,,,,,,,,,,,,,,,
"CONTINGENT LIABILITIES, COMMITMENTS",,,,,,,,,,,,,,,
Contingent Liabilities,0,"9,626.50","20,420.30","15,502.20","12,955.50","12,090.30","10,181.20","9,642.10","9,368.70","9,228.60","7,210.20","8,193.30","6,108.00","6,384.80","3,657.20"
CIF VALUE OF IMPORTS,,,,,,,,,,,,,,,
Raw Materials,0,"3,844.30","4,001.10","2,875.00","2,487.60","4,396.90","3,887.90","3,725.40","3,363.20","3,181.80","3,095.50","4,234.40","3,045.10","2,969.10","2,613.30"
"Stores, Spares And Loose Tools",0,76.2,44.4,475.3,64,58.5,66.1,20.1,62.9,23.1,41.6,12.8,86.7,85.7,0
Trade/Other Goods,0,76.2,44.4,475.3,64,58.5,66.1,20.1,62.9,23.1,41.6,12.8,86.7,85.7,0
Capital Goods,0,"1,101.20",803,672.1,917.3,"1,331.20",648.3,"1,481.80",738.3,"1,011.20","1,731.20","1,476.20","1,162.50",825,396.8
EXPENDITURE IN FOREIGN EXCHANGE,,,,,,,,,,,,,,,
Expenditure In Foreign Currency,0,"6,717.00","7,467.20","7,855.00","9,099.00","12,802.70","3,872.50",0,"3,792.60","3,300.30","3,087.40","3,102.00","2,438.90","2,338.30",991.8
REMITTANCES IN FOREIGN CURRENCIES FOR DIVIDENDS,,,,,,,,,,,,,,,
Dividend Remittance In Foreign Currency,--,--,--,--,--,--,--,--,424.5,203.7,135.8,117.5,117.5,94,54.8
EARNINGS IN FOREIGN EXCHANGE,,,,,,,,,,,,,,,
FOB Value Of Goods,--,--,--,--,--,--,--,--,"4,735.30","4,633.20","4,141.70","4,560.10","3,691.80","3,498.80","4,543.70"
Other Earnings,--,"15,830.60","11,064.20","4,585.70","5,424.60","5,218.60","5,455.90",--,57,--,--,--,--,--,--
BONUS DETAILS,,,,,,,,,,,,,,,
Bonus Equity Share Capital,--,--,--,--,--,--,--,--,--,--,--,--,--,--,--
NON-CURRENT INVESTMENTS,,,,,,,,,,,,,,,
Non-Current Investments Quoted Market Value,--,"1,580.00","1,484.10","1,132.30",84.3,"1,077.30",337.6,329,583.9,560.5,237.7,147.4,172.3,264,215.1
Non-Current Investments Unquoted Book Value,--,"46,395.20","39,502.10","32,422.40","34,775.70","30,609.10","33,041.90","25,606.20","18,404.60","9,791.10","1,278.30","1,867.40","1,387.20",419.8,11.1
CURRENT INVESTMENTS,,,,,,,,,,,,,,,
Current Investments Quoted Market Value,--,--,--,--,--,--,--,--,--,--,--,--,--,--,--
Current Investments Unquoted Book Value,--,--,"4,100.10","8,415.70","1,218.80","5,045.50","1,217.30","2,178.80","1,056.80","2,996.40","8,813.10","5,229.80","4,754.10","3,995.60",--
